Workbook

Sheet 0_设计说明
A1: RPG 角色成长与关卡难度数值表（作品集示例）
A3: 设计目的
A4: 本表用于展示基础数值策划能力：通过角色成长、经验消耗、敌人强度、伤害公式、关卡难度和资源产出消耗，构建一个可调整、可验证的简化 RPG 数值框架。表内大部分关键数据由参数和公式驱动，便于观察数值变化对玩家体验的影响。
A5: 核心设计思路：前期成长反馈明显，中期开始形成资源规划压力，后期成长放缓以避免数值膨胀；敌人强度和关卡难度随推荐等级递增，使玩家在推荐等级附近有适度挑战。
A6: 使用方式：修改下方参数区（B列）后，其余表格公式会自动联动，用于模拟不同成长速度、敌人强度和资源压力。
A10: 关键参数区（可调整）
A12: 参数 | B12: 数值 | C12: 说明 | D12: 单位/备注
A13: 等级上限 | B13: 80 | C13: 角色可成长的最高等级 | D13: 级
A14: 基础生命值 | B14: 1000 | C14: 1级角色生命值 | D14: HP
A15: 生命成长率 | B15: 0.055 | C15: 每级生命成长的指数倍率 | D15: 百分比
A16: 基础攻击力 | B16: 100 | C16: 1级角色攻击力 | D16: ATK
A17: 攻击成长率 | B17: 0.045 | C17: 每级攻击成长的指数倍率 | D17: 百分比
A18: 基础防御力 | B18: 55 | C18: 1级角色防御力 | D18: DEF
A19: 防御成长率 | B19: 0.04 | C19: 每级防御成长的指数倍率 | D19: 百分比
A20: 战力-生命权重 | B20: 0.12 | C20: 战力评分中生命值的折算权重 | D20: 系数
A21: 战力-攻击权重 | B21: 6 | C21: 战力评分中攻击力的折算权重 | D21: 系数
A22: 战力-防御权重 | B22: 3 | C22: 战力评分中防御力的折算权重 | D22: 系数
A23: 升级经验基数 | B23: 80 | C23: 2级所需经验的基准值 | D23: EXP
A24: 经验成长率 | B24: 0.065 | C24: 升级经验逐级递增速度 | D24: 百分比
A25: 伤害保底比例 | B25: 0.05 | C25: 攻击低于防御时的最低伤害比例 | D25: 百分比

Sheet 1_角色属性成长
A1: 角色属性成长表
A3: 等级 | B3: 生命值HP | C3: 攻击力ATK | D3: 防御力DEF | E3: 战力评分 | F3: 升级所需经验 | G3: 累计经验
A4: 1 | B4: =ROUND('0_设计说明'!$B$14*(1+'0_设计说明'!$B$15)^(A4-1),0) -> 1000 | C4: =ROUND('0_设计说明'!$B$16*(1+'0_设计说明'!$B$17)^(A4-1),0) -> 100 | D4: =ROUND('0_设计说明'!$B$18*(1+'0_设计说明'!$B$19)^(A4-1),0) -> 55 | E4: =ROUND(B4*'0_设计说明'!$B$20+C4*'0_设计说明'!$B$21+D4*'0_设计说明'!$B$22,0) -> 885 | F4: =IF(A4=1,0,ROUND('0_设计说明'!$B$23*(1+'0_设计说明'!$B$24)^(A4-2),0)) -> 0 | G4: =SUM($F$4:F4) -> 0
A5: 2 | B5: =ROUND('0_设计说明'!$B$14*(1+'0_设计说明'!$B$15)^(A5-1),0) -> 1055 | C5: =ROUND('0_设计说明'!$B$16*(1+'0_设计说明'!$B$17)^(A5-1),0) -> 105 | D5: =ROUND('0_设计说明'!$B$18*(1+'0_设计说明'!$B$19)^(A5-1),0) -> 57 | E5: =ROUND(B5*'0_设计说明'!$B$20+C5*'0_设计说明'!$B$21+D5*'0_设计说明'!$B$22,0) -> 928 | F5: =IF(A5=1,0,ROUND('0_设计说明'!$B$23*(1+'0_设计说明'!$B$24)^(A5-2),0)) -> 80 | G5: =SUM($F$4:F5) -> 80
A6: 3 | B6: =ROUND('0_设计说明'!$B$14*(1+'0_设计说明'!$B$15)^(A6-1),0) -> 1113 | C6: =ROUND('0_设计说明'!$B$16*(1+'0_设计说明'!$B$17)^(A6-1),0) -> 109 | D6: =ROUND('0_设计说明'!$B$18*(1+'0_设计说明'!$B$19)^(A6-1),0) -> 59 | E6: =ROUND(B6*'0_设计说明'!$B$20+C6*'0_设计说明'!$B$21+D6*'0_设计说明'!$B$22,0) -> 965 | F6: =IF(A6=1,0,ROUND('0_设计说明'!$B$23*(1+'0_设计说明'!$B$24)^(A6-2),0)) -> 85 | G6: =SUM($F$4:F6) -> 165
A7: 4 | B7: =ROUND('0_设计说明'!$B$14*(1+'0_设计说明'!$B$15)^(A7-1),0) -> 1174 | C7: =ROUND('0_设计说明'!$B$16*(1+'0_设计说明'!$B$17)^(A7-1),0) -> 114 | D7: =ROUND('0_设计说明'!$B$18*(1+'0_设计说明'!$B$19)^(A7-1),0) -> 62 | E7: =ROUND(B7*'0_设计说明'!$B$20+C7*'0_设计说明'!$B$21+D7*'0_设计说明'!$B$22,0) -> 1011 | F7: =IF(A7=1,0,ROUND('0_设计说明'!$B$23*(1+'0_设计说明'!$B$24)^(A7-2),0)) -> 91 | G7: =SUM($F$4:F7) -> 256
A8: 5 | B8: =ROUND('0_设计说明'!$B$14*(1+'0_设计说明'!$B$15)^(A8-1),0) -> 1239 | C8: =ROUND('0_设计说明'!$B$16*(1+'0_设计说明'!$B$17)^(A8-1),0) -> 119 | D8: =ROUND('0_设计说明'!$B$18*(1+'0_设计说明'!$B$19)^(A8-1),0) -> 64 | E8: =ROUND(B8*'0_设计说明'!$B$20+C8*'0_设计说明'!$B$21+D8*'0_设计说明'!$B$22,0) -> 1055 | F8: =IF(A8=1,0,ROUND('0_设计说明'!$B$23*(1+'0_设计说明'!$B$24)^(A8-2),0)) -> 97 | G8: =SUM($F$4:F8) -> 353
A9: 6 | B9: =ROUND('0_设计说明'!$B$14*(1+'0_设计说明'!$B$15)^(A9-1),0) -> 1307 | C9: =ROUND('0_设计说明'!$B$16*(1+'0_设计说明'!$B$17)^(A9-1),0) -> 125 | D9: =ROUND('0_设计说明'!$B$18*(1+'0_设计说明'!$B$19)^(A9-1),0) -> 67 | E9: =ROUND(B9*'0_设计说明'!$B$20+C9*'0_设计说明'!$B$21+D9*'0_设计说明'!$B$22,0) -> 1108 | F9: =IF(A9=1,0,ROUND('0_设计说明'!$B$23*(1+'0_设计说明'!$B$24)^(A9-2),0)) -> 103 | G9: =SUM($F$4:F9) -> 456
A10: 7 | B10: =ROUND('0_设计说明'!$B$14*(1+'0_设计说明'!$B$15)^(A10-1),0) -> 1379 | C10: =ROUND('0_设计说明'!$B$16*(1+'0_设计说明'!$B$17)^(A10-1),0) -> 130 | D10: =ROUND('0_设计说明'!$B$18*(1+'0_设计说明'!$B$19)^(A10-1),0) -> 70 | E10: =ROUND(B10*'0_设计说明'!$B$20+C10*'0_设计说明'!$B$21+D10*'0_设计说明'!$B$22,0) -> 1155 | F10: =IF(A10=1,0,ROUND('0_设计说明'!$B$23*(1+'0_设计说明'!$B$24)^(A10-2),0)) -> 110 | G10: =SUM($F$4:F10) -> 566
A11: 8 | B11: =ROUND('0_设计说明'!$B$14*(1+'0_设计说明'!$B$15)^(A11-1),0) -> 1455 | C11: =ROUND('0_设计说明'!$B$16*(1+'0_设计说明'!$B$17)^(A11-1),0) -> 136 | D11: =ROUND('0_设计说明'!$B$18*(1+'0_设计说明'!$B$19)^(A11-1),0) -> 72 | E11: =ROUND(B11*'0_设计说明'!$B$20+C11*'0_设计说明'!$B$21+D11*'0_设计说明'!$B$22,0) -> 1207 | F11: =IF(A11=1,0,ROUND('0_设计说明'!$B$23*(1+'0_设计说明'!$B$24)^(A11-2),0)) -> 117 | G11: =SUM($F$4:F11) -> 683
A12: 9 | B12: =ROUND('0_设计说明'!$B$14*(1+'0_设计说明'!$B$15)^(A12-1),0) -> 1535 | C12: =ROUND('0_设计说明'!$B$16*(1+'0_设计说明'!$B$17)^(A12-1),0) -> 142 | D12: =ROUND('0_设计说明'!$B$18*(1+'0_设计说明'!$B$19)^(A12-1),0) -> 75 | E12: =ROUND(B12*'0_设计说明'!$B$20+C12*'0_设计说明'!$B$21+D12*'0_设计说明'!$B$22,0) -> 1261 | F12: =IF(A12=1,0,ROUND('0_设计说明'!$B$23*(1+'0_设计说明'!$B$24)^(A12-2),0)) -> 124 | G12: =SUM($F$4:F12) -> 807
A13: 10 | B13: =ROUND('0_设计说明'!$B$14*(1+'0_设计说明'!$B$15)^(A13-1),0) -> 1619 | C13: =ROUND('0_设计说明'!$B$16*(1+'0_设计说明'!$B$17)^(A13-1),0) -> 149 | D13: =ROUND('0_设计说明'!$B$18*(1+'0_设计说明'!$B$19)^(A13-1),0) -> 78 | E13: =ROUND(B13*'0_设计说明'!$B$20+C13*'0_设计说明'!$B$21+D13*'0_设计说明'!$B$22,0) -> 1322 | F13: =IF(A13=1,0,ROUND('0_设计说明'!$B$23*(1+'0_设计说明'!$B$24)^(A13-2),0)) -> 132 | G13: =SUM($F$4:F13) -> 939
A14: 11 | B14: =ROUND('0_设计说明'!$B$14*(1+'0_设计说明'!$B$15)^(A14-1),0) -> 1708 | C14: =ROUND('0_设计说明'!$B$16*(1+'0_设计说明'!$B$17)^(A14-1),0) -> 155 | D14: =ROUND('0_设计说明'!$B$18*(1+'0_设计说明'!$B$19)^(A14-1),0) -> 81 | E14: =ROUND(B14*'0_设计说明'!$B$20+C14*'0_设计说明'!$B$21+D14*'0_设计说明'!$B$22,0) -> 1378 | F14: =IF(A14=1,0,ROUND('0_设计说明'!$B$23*(1+'0_设计说明'!$B$24)^(A14-2),0)) -> 141 | G14: =SUM($F$4:F14) -> 1080
A15: 12 | B15: =ROUND('0_设计说明'!$B$14*(1+'0_设计说明'!$B$15)^(A15-1),0) -> 1802 | C15: =ROUND('0_设计说明'!$B$16*(1+'0_设计说明'!$B$17)^(A15-1),0) -> 162 | D15: =ROUND('0_设计说明'!$B$18*(1+'0_设计说明'!$B$19)^(A15-1),0) -> 85 | E15: =ROUND(B15*'0_设计说明'!$B$20+C15*'0_设计说明'!$B$21+D15*'0_设计说明'!$B$22,0) -> 1443 | F15: =IF(A15=1,0,ROUND('0_设计说明'!$B$23*(1+'0_设计说明'!$B$24)^(A15-2),0)) -> 150 | G15: =SUM($F$4:F15) -> 1230
... A83: 80 | B83: =ROUND('0_设计说明'!$B$14*(1+'0_设计说明'!$B$15)^(A83-1),0) -> 68698 | C83: =ROUND('0_设计说明'!$B$16*(1+'0_设计说明'!$B$17)^(A83-1),0) -> 3237 | D83: =ROUND('0_设计说明'!$B$18*(1+'0_设计说明'!$B$19)^(A83-1),0) -> 1219 | E83: =ROUND(B83*'0_设计说明'!$B$20+C83*'0_设计说明'!$B$21+D83*'0_设计说明'!$B$22,0) -> 31323 | F83: =IF(A83=1,0,ROUND('0_设计说明'!$B$23*(1+'0_设计说明'!$B$24)^(A83-2),0)) -> 10873 | G83: =SUM($F$4:F83) -> 176927

Sheet 2_经验消耗曲线
A1: 经验消耗曲线
A3: 等级 | B3: 升级所需经验 | C3: 累计经验 | D3: 相邻等级经验增幅 | E3: 设计观察
A4: ='1_角色属性成长'!A4 -> 1 | B4: ='1_角色属性成长'!F4 -> 0 | C4: ='1_角色属性成长'!G4 -> 0 | D4: =0 -> 0 | E4: 前期：升级成本低，强化即时反馈
A5: ='1_角色属性成长'!A5 -> 2 | B5: ='1_角色属性成长'!F5 -> 80 | C5: ='1_角色属性成长'!G5 -> 80 | D5: =IF(B4=0,0,(B5-B4)/B4) -> 0 | E5: 前期：升级成本低，强化即时反馈
A6: ='1_角色属性成长'!A6 -> 3 | B6: ='1_角色属性成长'!F6 -> 85 | C6: ='1_角色属性成长'!G6 -> 165 | D6: =IF(B5=0,0,(B6-B5)/B5) -> 0.0625 | E6: 前期：升级成本低，强化即时反馈
A7: ='1_角色属性成长'!A7 -> 4 | B7: ='1_角色属性成长'!F7 -> 91 | C7: ='1_角色属性成长'!G7 -> 256 | D7: =IF(B6=0,0,(B7-B6)/B6) -> 0.070588235 | E7: 前期：升级成本低，强化即时反馈
A8: ='1_角色属性成长'!A8 -> 5 | B8: ='1_角色属性成长'!F8 -> 97 | C8: ='1_角色属性成长'!G8 -> 353 | D8: =IF(B7=0,0,(B8-B7)/B7) -> 0.065934066 | E8: 前期：升级成本低，强化即时反馈
A9: ='1_角色属性成长'!A9 -> 6 | B9: ='1_角色属性成长'!F9 -> 103 | C9: ='1_角色属性成长'!G9 -> 456 | D9: =IF(B8=0,0,(B9-B8)/B8) -> 0.06185567 | E9: 前期：升级成本低，强化即时反馈
A10: ='1_角色属性成长'!A10 -> 7 | B10: ='1_角色属性成长'!F10 -> 110 | C10: ='1_角色属性成长'!G10 -> 566 | D10: =IF(B9=0,0,(B10-B9)/B9) -> 0.067961165 | E10: 前期：升级成本低，强化即时反馈
A11: ='1_角色属性成长'!A11 -> 8 | B11: ='1_角色属性成长'!F11 -> 117 | C11: ='1_角色属性成长'!G11 -> 683 | D11: =IF(B10=0,0,(B11-B10)/B10) -> 0.063636364 | E11: 前期：升级成本低，强化即时反馈
A12: ='1_角色属性成长'!A12 -> 9 | B12: ='1_角色属性成长'!F12 -> 124 | C12: ='1_角色属性成长'!G12 -> 807 | D12: =IF(B11=0,0,(B12-B11)/B11) -> 0.05982906 | E12: 前期：升级成本低，强化即时反馈
A13: ='1_角色属性成长'!A13 -> 10 | B13: ='1_角色属性成长'!F13 -> 132 | C13: ='1_角色属性成长'!G13 -> 939 | D13: =IF(B12=0,0,(B13-B12)/B12) -> 0.064516129 | E13: 前期：升级成本低，强化即时反馈
A14: ='1_角色属性成长'!A14 -> 11 | B14: ='1_角色属性成长'!F14 -> 141 | C14: ='1_角色属性成长'!G14 -> 1080 | D14: =IF(B13=0,0,(B14-B13)/B13) -> 0.068181818 | E14: 前期：升级成本低，强化即时反馈
A15: ='1_角色属性成长'!A15 -> 12 | B15: ='1_角色属性成长'!F15 -> 150 | C15: ='1_角色属性成长'!G15 -> 1230 | D15: =IF(B14=0,0,(B15-B14)/B14) -> 0.063829787 | E15: 前期：升级成本低，强化即时反馈
A16: ='1_角色属性成长'!A16 -> 13 | B16: ='1_角色属性成长'!F16 -> 160 | C16: ='1_角色属性成长'!G16 -> 1390 | D16: =IF(B15=0,0,(B16-B15)/B15) -> 0.066666667 | E16: 前期：升级成本低，强化即时反馈
... A83: ='1_角色属性成长'!A83 -> 80 | B83: ='1_角色属性成长'!F83 -> 10873 | C83: ='1_角色属性成长'!G83 -> 176927 | D83: =IF(B82=0,0,(B83-B82)/B82) -> 0.064936337 | E83: 后期：成长放缓，控制毕业速度

Sheet 3_敌人属性设计
A1: 敌人属性设计表
A3: 关卡 | B3: 推荐等级 | C3: 普通怪HP | D3: 普通怪ATK | E3: 普通怪DEF | F3: 精英怪HP | G3: 精英怪ATK | H3: 精英怪DEF | I3: Boss HP | J3: Boss ATK | K3: Boss DEF
A4: S-01 | B4: =MIN(80,ROUNDUP(1*2.5,0)) -> 3 | C4: =ROUND(INDEX('1_角色属性成长'!$B$4:$B$83,B4)*0.28*(1+0.015*1),0) -> 316 | D4: =ROUND(INDEX('1_角色属性成长'!$C$4:$C$83,B4)*0.55*(1+0.012*1),0) -> 61 | E4: =ROUND(INDEX('1_角色属性成长'!$D$4:$D$83,B4)*0.45,0) -> 27 | F4: =ROUND(C4*2.8,0) -> 885 | G4: =ROUND(D4*1.7,0) -> 104 | H4: =ROUND(E4*1.8,0) -> 49 | I4: =ROUND(C4*9.5,0) -> 3002 | J4: =ROUND(D4*2.6,0) -> 159 | K4: =ROUND(E4*2.4,0) -> 65
A5: S-02 | B5: =MIN(80,ROUNDUP(2*2.5,0)) -> 5 | C5: =ROUND(INDEX('1_角色属性成长'!$B$4:$B$83,B5)*0.28*(1+0.015*2),0) -> 357 | D5: =ROUND(INDEX('1_角色属性成长'!$C$4:$C$83,B5)*0.55*(1+0.012*2),0) -> 67 | E5: =ROUND(INDEX('1_角色属性成长'!$D$4:$D$83,B5)*0.45,0) -> 29 | F5: =ROUND(C5*2.8,0) -> 1000 | G5: =ROUND(D5*1.7,0) -> 114 | H5: =ROUND(E5*1.8,0) -> 52 | I5: =ROUND(C5*9.5,0) -> 3392 | J5: =ROUND(D5*2.6,0) -> 174 | K5: =ROUND(E5*2.4,0) -> 70
A6: S-03 | B6: =MIN(80,ROUNDUP(3*2.5,0)) -> 8 | C6: =ROUND(INDEX('1_角色属性成长'!$B$4:$B$83,B6)*0.28*(1+0.015*3),0) -> 426 | D6: =ROUND(INDEX('1_角色属性成长'!$C$4:$C$83,B6)*0.55*(1+0.012*3),0) -> 77 | E6: =ROUND(INDEX('1_角色属性成长'!$D$4:$D$83,B6)*0.45,0) -> 32 | F6: =ROUND(C6*2.8,0) -> 1193 | G6: =ROUND(D6*1.7,0) -> 131 | H6: =ROUND(E6*1.8,0) -> 58 | I6: =ROUND(C6*9.5,0) -> 4047 | J6: =ROUND(D6*2.6,0) -> 200 | K6: =ROUND(E6*2.4,0) -> 77
A7: S-04 | B7: =MIN(80,ROUNDUP(4*2.5,0)) -> 10 | C7: =ROUND(INDEX('1_角色属性成长'!$B$4:$B$83,B7)*0.28*(1+0.015*4),0) -> 481 | D7: =ROUND(INDEX('1_角色属性成长'!$C$4:$C$83,B7)*0.55*(1+0.012*4),0) -> 86 | E7: =ROUND(INDEX('1_角色属性成长'!$D$4:$D$83,B7)*0.45,0) -> 35 | F7: =ROUND(C7*2.8,0) -> 1347 | G7: =ROUND(D7*1.7,0) -> 146 | H7: =ROUND(E7*1.8,0) -> 63 | I7: =ROUND(C7*9.5,0) -> 4570 | J7: =ROUND(D7*2.6,0) -> 224 | K7: =ROUND(E7*2.4,0) -> 84
A8: S-05 | B8: =MIN(80,ROUNDUP(5*2.5,0)) -> 13 | C8: =ROUND(INDEX('1_角色属性成长'!$B$4:$B$83,B8)*0.28*(1+0.015*5),0) -> 572 | D8: =ROUND(INDEX('1_角色属性成长'!$C$4:$C$83,B8)*0.55*(1+0.012*5),0) -> 99 | E8: =ROUND(INDEX('1_角色属性成长'!$D$4:$D$83,B8)*0.45,0) -> 40 | F8: =ROUND(C8*2.8,0) -> 1602 | G8: =ROUND(D8*1.7,0) -> 168 | H8: =ROUND(E8*1.8,0) -> 72 | I8: =ROUND(C8*9.5,0) -> 5434 | J8: =ROUND(D8*2.6,0) -> 257 | K8: =ROUND(E8*2.4,0) -> 96
A9: S-06 | B9: =MIN(80,ROUNDUP(6*2.5,0)) -> 15 | C9: =ROUND(INDEX('1_角色属性成长'!$B$4:$B$83,B9)*0.28*(1+0.015*6),0) -> 646 | D9: =ROUND(INDEX('1_角色属性成长'!$C$4:$C$83,B9)*0.55*(1+0.012*6),0) -> 109 | E9: =ROUND(INDEX('1_角色属性成长'!$D$4:$D$83,B9)*0.45,0) -> 43 | F9: =ROUND(C9*2.8,0) -> 1809 | G9: =ROUND(D9*1.7,0) -> 185 | H9: =ROUND(E9*1.8,0) -> 77 | I9: =ROUND(C9*9.5,0) -> 6137 | J9: =ROUND(D9*2.6,0) -> 283 | K9: =ROUND(E9*2.4,0) -> 103
A10: S-07 | B10: =MIN(80,ROUNDUP(7*2.5,0)) -> 18 | C10: =ROUND(INDEX('1_角色属性成长'!$B$4:$B$83,B10)*0.28*(1+0.015*7),0) -> 769 | D10: =ROUND(INDEX('1_角色属性成长'!$C$4:$C$83,B10)*0.55*(1+0.012*7),0) -> 126 | E10: =ROUND(INDEX('1_角色属性成长'!$D$4:$D$83,B10)*0.45,0) -> 48 | F10: =ROUND(C10*2.8,0) -> 2153 | G10: =ROUND(D10*1.7,0) -> 214 | H10: =ROUND(E10*1.8,0) -> 86 | I10: =ROUND(C10*9.5,0) -> 7306 | J10: =ROUND(D10*2.6,0) -> 328 | K10: =ROUND(E10*2.4,0) -> 115
A11: S-08 | B11: =MIN(80,ROUNDUP(8*2.5,0)) -> 20 | C11: =ROUND(INDEX('1_角色属性成长'!$B$4:$B$83,B11)*0.28*(1+0.015*8),0) -> 867 | D11: =ROUND(INDEX('1_角色属性成长'!$C$4:$C$83,B11)*0.55*(1+0.012*8),0) -> 139 | E11: =ROUND(INDEX('1_角色属性成长'!$D$4:$D$83,B11)*0.45,0) -> 52 | F11: =ROUND(C11*2.8,0) -> 2428 | G11: =ROUND(D11*1.7,0) -> 236 | H11: =ROUND(E11*1.8,0) -> 94 | I11: =ROUND(C11*9.5,0) -> 8237 | J11: =ROUND(D11*2.6,0) -> 361 | K11: =ROUND(E11*2.4,0) -> 125
A12: S-09 | B12: =MIN(80,ROUNDUP(9*2.5,0)) -> 23 | C12: =ROUND(INDEX('1_角色属性成长'!$B$4:$B$83,B12)*0.28*(1+0.015*9),0) -> 1032 | D12: =ROUND(INDEX('1_角色属性成长'!$C$4:$C$83,B12)*0.55*(1+0.012*9),0) -> 160 | E12: =ROUND(INDEX('1_角色属性成长'!$D$4:$D$83,B12)*0.45,0) -> 59 | F12: =ROUND(C12*2.8,0) -> 2890 | G12: =ROUND(D12*1.7,0) -> 272 | H12: =ROUND(E12*1.8,0) -> 106 | I12: =ROUND(C12*9.5,0) -> 9804 | J12: =ROUND(D12*2.6,0) -> 416 | K12: =ROUND(E12*2.4,0) -> 142
A13: S-10 | B13: =MIN(80,ROUNDUP(10*2.5,0)) -> 25 | C13: =ROUND(INDEX('1_角色属性成长'!$B$4:$B$83,B13)*0.28*(1+0.015*10),0) -> 1164 | D13: =ROUND(INDEX('1_角色属性成长'!$C$4:$C$83,B13)*0.55*(1+0.012*10),0) -> 177 | E13: =ROUND(INDEX('1_角色属性成长'!$D$4:$D$83,B13)*0.45,0) -> 63 | F13: =ROUND(C13*2.8,0) -> 3259 | G13: =ROUND(D13*1.7,0) -> 301 | H13: =ROUND(E13*1.8,0) -> 113 | I13: =ROUND(C13*9.5,0) -> 11058 | J13: =ROUND(D13*2.6,0) -> 460 | K13: =ROUND(E13*2.4,0) -> 151
A14: S-11 | B14: =MIN(80,ROUNDUP(11*2.5,0)) -> 28 | C14: =ROUND(INDEX('1_角色属性成长'!$B$4:$B$83,B14)*0.28*(1+0.015*11),0) -> 1384 | D14: =ROUND(INDEX('1_角色属性成长'!$C$4:$C$83,B14)*0.55*(1+0.012*11),0) -> 204 | E14: =ROUND(INDEX('1_角色属性成长'!$D$4:$D$83,B14)*0.45,0) -> 72 | F14: =ROUND(C14*2.8,0) -> 3875 | G14: =ROUND(D14*1.7,0) -> 347 | H14: =ROUND(E14*1.8,0) -> 130 | I14: =ROUND(C14*9.5,0) -> 13148 | J14: =ROUND(D14*2.6,0) -> 530 | K14: =ROUND(E14*2.4,0) -> 173
A15: S-12 | B15: =MIN(80,ROUNDUP(12*2.5,0)) -> 30 | C15: =ROUND(INDEX('1_角色属性成长'!$B$4:$B$83,B15)*0.28*(1+0.015*12),0) -> 1561 | D15: =ROUND(INDEX('1_角色属性成长'!$C$4:$C$83,B15)*0.55*(1+0.012*12),0) -> 225 | E15: =ROUND(INDEX('1_角色属性成长'!$D$4:$D$83,B15)*0.45,0) -> 77 | F15: =ROUND(C15*2.8,0) -> 4371 | G15: =ROUND(D15*1.7,0) -> 383 | H15: =ROUND(E15*1.8,0) -> 139 | I15: =ROUND(C15*9.5,0) -> 14830 | J15: =ROUND(D15*2.6,0) -> 585 | K15: =ROUND(E15*2.4,0) -> 185
A16: S-13 | B16: =MIN(80,ROUNDUP(13*2.5,0)) -> 33 | C16: =ROUND(INDEX('1_角色属性成长'!$B$4:$B$83,B16)*0.28*(1+0.015*13),0) -> 1856 | D16: =ROUND(INDEX('1_角色属性成长'!$C$4:$C$83,B16)*0.55*(1+0.012*13),0) -> 260 | E16: =ROUND(INDEX('1_角色属性成长'!$D$4:$D$83,B16)*0.45,0) -> 87 | F16: =ROUND(C16*2.8,0) -> 5197 | G16: =ROUND(D16*1.7,0) -> 442 | H16: =ROUND(E16*1.8,0) -> 157 | I16: =ROUND(C16*9.5,0) -> 17632 | J16: =ROUND(D16*2.6,0) -> 676 | K16: =ROUND(E16*2.4,0) -> 209
A17: S-14 | B17: =MIN(80,ROUNDUP(14*2.5,0)) -> 35 | C17: =ROUND(INDEX('1_角色属性成长'!$B$4:$B$83,B17)*0.28*(1+0.015*14),0) -> 2092 | D17: =ROUND(INDEX('1_角色属性成长'!$C$4:$C$83,B17)*0.55*(1+0.012*14),0) -> 287 | E17: =ROUND(INDEX('1_角色属性成长'!$D$4:$D$83,B17)*0.45,0) -> 94 | F17: =ROUND(C17*2.8,0) -> 5858 | G17: =ROUND(D17*1.7,0) -> 488 | H17: =ROUND(E17*1.8,0) -> 169 | I17: =ROUND(C17*9.5,0) -> 19874 | J17: =ROUND(D17*2.6,0) -> 746 | K17: =ROUND(E17*2.4,0) -> 226
A18: S-15 | B18: =MIN(80,ROUNDUP(15*2.5,0)) -> 38 | C18: =ROUND(INDEX('1_角色属性成长'!$B$4:$B$83,B18)*0.28*(1+0.015*15),0) -> 2487 | D18: =ROUND(INDEX('1_角色属性成长'!$C$4:$C$83,B18)*0.55*(1+0.012*15),0) -> 331 | E18: =ROUND(INDEX('1_角色属性成长'!$D$4:$D$83,B18)*0.45,0) -> 106 | F18: =ROUND(C18*2.8,0) -> 6964 | G18: =ROUND(D18*1.7,0) -> 563 | H18: =ROUND(E18*1.8,0) -> 191 | I18: =ROUND(C18*9.5,0) -> 23627 | J18: =ROUND(D18*2.6,0) -> 861 | K18: =ROUND(E18*2.4,0) -> 254
A19: S-16 | B19: =MIN(80,ROUNDUP(16*2.5,0)) -> 40 | C19: =ROUND(INDEX('1_角色属性成长'!$B$4:$B$83,B19)*0.28*(1+0.015*16),0) -> 2802 | D19: =ROUND(INDEX('1_角色属性成长'!$C$4:$C$83,B19)*0.55*(1+0.012*16),0) -> 365 | E19: =ROUND(INDEX('1_角色属性成长'!$D$4:$D$83,B19)*0.45,0) -> 114 | F19: =ROUND(C19*2.8,0) -> 7846 | G19: =ROUND(D19*1.7,0) -> 621 | H19: =ROUND(E19*1.8,0) -> 205 | I19: =ROUND(C19*9.5,0) -> 26619 | J19: =ROUND(D19*2.6,0) -> 949 | K19: =ROUND(E19*2.4,0) -> 274
A20: S-17 | B20: =MIN(80,ROUNDUP(17*2.5,0)) -> 43 | C20: =ROUND(INDEX('1_角色属性成长'!$B$4:$B$83,B20)*0.28*(1+0.015*17),0) -> 3330 | D20: =ROUND(INDEX('1_角色属性成长'!$C$4:$C$83,B20)*0.55*(1+0.012*17),0) -> 420 | E20: =ROUND(INDEX('1_角色属性成长'!$D$4:$D$83,B20)*0.45,0) -> 129 | F20: =ROUND(C20*2.8,0) -> 9324 | G20: =ROUND(D20*1.7,0) -> 714 | H20: =ROUND(E20*1.8,0) -> 232 | I20: =ROUND(C20*9.5,0) -> 31635 | J20: =ROUND(D20*2.6,0) -> 1092 | K20: =ROUND(E20*2.4,0) -> 310
A21: S-18 | B21: =MIN(80,ROUNDUP(18*2.5,0)) -> 45 | C21: =ROUND(INDEX('1_角色属性成长'!$B$4:$B$83,B21)*0.28*(1+0.015*18),0) -> 3750 | D21: =ROUND(INDEX('1_角色属性成长'!$C$4:$C$83,B21)*0.55*(1+0.012*18),0) -> 464 | E21: =ROUND(INDEX('1_角色属性成长'!$D$4:$D$83,B21)*0.45,0) -> 139 | F21: =ROUND(C21*2.8,0) -> 10500 | G21: =ROUND(D21*1.7,0) -> 789 | H21: =ROUND(E21*1.8,0) -> 250 | I21: =ROUND(C21*9.5,0) -> 35625 | J21: =ROUND(D21*2.6,0) -> 1206 | K21: =ROUND(E21*2.4,0) -> 334
A22: S-19 | B22: =MIN(80,ROUNDUP(19*2.5,0)) -> 48 | C22: =ROUND(INDEX('1_角色属性成长'!$B$4:$B$83,B22)*0.28*(1+0.015*19),0) -> 4456 | D22: =ROUND(INDEX('1_角色属性成长'!$C$4:$C$83,B22)*0.55*(1+0.012*19),0) -> 535 | E22: =ROUND(INDEX('1_角色属性成长'!$D$4:$D$83,B22)*0.45,0) -> 156 | F22: =ROUND(C22*2.8,0) -> 12477 | G22: =ROUND(D22*1.7,0) -> 910 | H22: =ROUND(E22*1.8,0) -> 281 | I22: =ROUND(C22*9.5,0) -> 42332 | J22: =ROUND(D22*2.6,0) -> 1391 | K22: =ROUND(E22*2.4,0) -> 374
A23: S-20 | B23: =MIN(80,ROUNDUP(20*2.5,0)) -> 50 | C23: =ROUND(INDEX('1_角色属性成长'!$B$4:$B$83,B23)*0.28*(1+0.015*20),0) -> 5017 | D23: =ROUND(INDEX('1_角色属性成长'!$C$4:$C$83,B23)*0.55*(1+0.012*20),0) -> 589 | E23: =ROUND(INDEX('1_角色属性成长'!$D$4:$D$83,B23)*0.45,0) -> 169 | F23: =ROUND(C23*2.8,0) -> 14048 | G23: =ROUND(D23*1.7,0) -> 1001 | H23: =ROUND(E23*1.8,0) -> 304 | I23: =ROUND(C23*9.5,0) -> 47662 | J23: =ROUND(D23*2.6,0) -> 1531 | K23: =ROUND(E23*2.4,0) -> 406
A24: S-21 | B24: =MIN(80,ROUNDUP(21*2.5,0)) -> 53 | C24: =ROUND(INDEX('1_角色属性成长'!$B$4:$B$83,B24)*0.28*(1+0.015*21),0) -> 5960 | D24: =ROUND(INDEX('1_角色属性成长'!$C$4:$C$83,B24)*0.55*(1+0.012*21),0) -> 679 | E24: =ROUND(INDEX('1_角色属性成长'!$D$4:$D$83,B24)*0.45,0) -> 190 | F24: =ROUND(C24*2.8,0) -> 16688 | G24: =ROUND(D24*1.7,0) -> 1154 | H24: =ROUND(E24*1.8,0) -> 342 | I24: =ROUND(C24*9.5,0) -> 56620 | J24: =ROUND(D24*2.6,0) -> 1765 | K24: =ROUND(E24*2.4,0) -> 456
A25: S-22 | B25: =MIN(80,ROUNDUP(22*2.5,0)) -> 55 | C25: =ROUND(INDEX('1_角色属性成长'!$B$4:$B$83,B25)*0.28*(1+0.015*22),0) -> 6709 | D25: =ROUND(INDEX('1_角色属性成长'!$C$4:$C$83,B25)*0.55*(1+0.012*22),0) -> 749 | E25: =ROUND(INDEX('1_角色属性成长'!$D$4:$D$83,B25)*0.45,0) -> 206 | F25: =ROUND(C25*2.8,0) -> 18785 | G25: =ROUND(D25*1.7,0) -> 1273 | H25: =ROUND(E25*1.8,0) -> 371 | I25: =ROUND(C25*9.5,0) -> 63736 | J25: =ROUND(D25*2.6,0) -> 1947 | K25: =ROUND(E25*2.4,0) -> 494
A26: S-23 | B26: =MIN(80,ROUNDUP(23*2.5,0)) -> 58 | C26: =ROUND(INDEX('1_角色属性成长'!$B$4:$B$83,B26)*0.28*(1+0.015*23),0) -> 7967 | D26: =ROUND(INDEX('1_角色属性成长'!$C$4:$C$83,B26)*0.55*(1+0.012*23),0) -> 863 | E26: =ROUND(INDEX('1_角色属性成长'!$D$4:$D$83,B26)*0.45,0) -> 231 | F26: =ROUND(C26*2.8,0) -> 22308 | G26: =ROUND(D26*1.7,0) -> 1467 | H26: =ROUND(E26*1.8,0) -> 416 | I26: =ROUND(C26*9.5,0) -> 75687 | J26: =ROUND(D26*2.6,0) -> 2244 | K26: =ROUND(E26*2.4,0) -> 554
A27: S-24 | B27: =MIN(80,ROUNDUP(24*2.5,0)) -> 60 | C27: =ROUND(INDEX('1_角色属性成长'!$B$4:$B$83,B27)*0.28*(1+0.015*24),0) -> 8966 | D27: =ROUND(INDEX('1_角色属性成长'!$C$4:$C$83,B27)*0.55*(1+0.012*24),0) -> 951 | E27: =ROUND(INDEX('1_角色属性成长'!$D$4:$D$83,B27)*0.45,0) -> 250 | F27: =ROUND(C27*2.8,0) -> 25105 | G27: =ROUND(D27*1.7,0) -> 1617 | H27: =ROUND(E27*1.8,0) -> 450 | I27: =ROUND(C27*9.5,0) -> 85177 | J27: =ROUND(D27*2.6,0) -> 2473 | K27: =ROUND(E27*2.4,0) -> 600
A28: S-25 | B28: =MIN(80,ROUNDUP(25*2.5,0)) -> 63 | C28: =ROUND(INDEX('1_角色属性成长'!$B$4:$B$83,B28)*0.28*(1+0.015*25),0) -> 10644 | D28: =ROUND(INDEX('1_角色属性成长'!$C$4:$C$83,B28)*0.55*(1+0.012*25),0) -> 1095 | E28: =ROUND(INDEX('1_角色属性成长'!$D$4:$D$83,B28)*0.45,0) -> 282 | F28: =ROUND(C28*2.8,0) -> 29803 | G28: =ROUND(D28*1.7,0) -> 1862 | H28: =ROUND(E28*1.8,0) -> 508 | I28: =ROUND(C28*9.5,0) -> 101118 | J28: =ROUND(D28*2.6,0) -> 2847 | K28: =ROUND(E28*2.4,0) -> 677
A29: S-26 | B29: =MIN(80,ROUNDUP(26*2.5,0)) -> 65 | C29: =ROUND(INDEX('1_角色属性成长'!$B$4:$B$83,B29)*0.28*(1+0.015*26),0) -> 11976 | D29: =ROUND(INDEX('1_角色属性成长'!$C$4:$C$83,B29)*0.55*(1+0.012*26),0) -> 1207 | E29: =ROUND(INDEX('1_角色属性成长'!$D$4:$D$83,B29)*0.45,0) -> 305 | F29: =ROUND(C29*2.8,0) -> 33533 | G29: =ROUND(D29*1.7,0) -> 2052 | H29: =ROUND(E29*1.8,0) -> 549 | I29: =ROUND(C29*9.5,0) -> 113772 | J29: =ROUND(D29*2.6,0) -> 3138 | K29: =ROUND(E29*2.4,0) -> 732
A30: S-27 | B30: =MIN(80,ROUNDUP(27*2.5,0)) -> 68 | C30: =ROUND(INDEX('1_角色属性成长'!$B$4:$B$83,B30)*0.28*(1+0.015*27),0) -> 14215 | D30: =ROUND(INDEX('1_角色属性成长'!$C$4:$C$83,B30)*0.55*(1+0.012*27),0) -> 1390 | E30: =ROUND(INDEX('1_角色属性成长'!$D$4:$D$83,B30)*0.45,0) -> 342 | F30: =ROUND(C30*2.8,0) -> 39802 | G30: =ROUND(D30*1.7,0) -> 2363 | H30: =ROUND(E30*1.8,0) -> 616 | I30: =ROUND(C30*9.5,0) -> 135043 | J30: =ROUND(D30*2.6,0) -> 3614 | K30: =ROUND(E30*2.4,0) -> 821
A31: S-28 | B31: =MIN(80,ROUNDUP(28*2.5,0)) -> 70 | C31: =ROUND(INDEX('1_角色属性成长'!$B$4:$B$83,B31)*0.28*(1+0.015*28),0) -> 15991 | D31: =ROUND(INDEX('1_角色属性成长'!$C$4:$C$83,B31)*0.55*(1+0.012*28),0) -> 1532 | E31: =ROUND(INDEX('1_角色属性成长'!$D$4:$D$83,B31)*0.45,0) -> 370 | F31: =ROUND(C31*2.8,0) -> 44775 | G31: =ROUND(D31*1.7,0) -> 2604 | H31: =ROUND(E31*1.8,0) -> 666 | I31: =ROUND(C31*9.5,0) -> 151915 | J31: =ROUND(D31*2.6,0) -> 3983 | K31: =ROUND(E31*2.4,0) -> 888
A32: S-29 | B32: =MIN(80,ROUNDUP(29*2.5,0)) -> 73 | C32: =ROUND(INDEX('1_角色属性成长'!$B$4:$B$83,B32)*0.28*(1+0.015*29),0) -> 18975 | D32: =ROUND(INDEX('1_角色属性成长'!$C$4:$C$83,B32)*0.55*(1+0.012*29),0) -> 1764 | E32: =ROUND(INDEX('1_角色属性成长'!$D$4:$D$83,B32)*0.45,0) -> 417 | F32: =ROUND(C32*2.8,0) -> 53130 | G32: =ROUND(D32*1.7,0) -> 2999 | H32: =ROUND(E32*1.8,0) -> 751 | I32: =ROUND(C32*9.5,0) -> 180263 | J32: =ROUND(D32*2.6,0) -> 4586 | K32: =ROUND(E32*2.4,0) -> 1001
A33: S-30 | B33: =MIN(80,ROUNDUP(30*2.5,0)) -> 75 | C33: =ROUND(INDEX('1_角色属性成长'!$B$4:$B$83,B33)*0.28*(1+0.015*30),0) -> 21341 | D33: =ROUND(INDEX('1_角色属性成长'!$C$4:$C$83,B33)*0.55*(1+0.012*30),0) -> 1943 | E33: =ROUND(INDEX('1_角色属性成长'!$D$4:$D$83,B33)*0.45,0) -> 451 | F33: =ROUND(C33*2.8,0) -> 59755 | G33: =ROUND(D33*1.7,0) -> 3303 | H33: =ROUND(E33*1.8,0) -> 812 | I33: =ROUND(C33*9.5,0) -> 202740 | J33: =ROUND(D33*2.6,0) -> 5052 | K33: =ROUND(E33*2.4,0) -> 1082

Sheet 4_伤害公式
A1: 伤害公式与战斗压力示例
A3: 简化伤害公式：最终伤害 = MAX(攻击力 × 技能倍率 × 克制系数 - 敌方防御, 攻击力 × 伤害保底比例)。本公式用于展示数值验证思路，不代表任何实际游戏公式。
A5: 角色等级 | B5: 攻击力 | C5: 敌人类型 | D5: 敌方防御 | E5: 技能倍率 | F5: 克制系数 | G5: 单次伤害 | H5: 预计击杀次数
A6: 10 | B6: =INDEX('1_角色属性成长'!$C$4:$C$83,A6) -> 149 | C6: 普通怪 | D6: =IF(C6="普通怪",INDEX('3_敌人属性设计'!$E$4:$E$33,MIN(30,ROUNDUP(A6/2.5,0))),IF(C6="精英怪",INDEX('3_敌人属性设计'!$H$4:$H$33,MIN(30,ROUNDUP(A6/2.5,0))),INDEX('3_敌人属性设计'!$K$4:$K$33,MIN(30,ROUNDUP(A6/2.5,0))))) -> 35 | E6: 1.2 | F6: 1 | G6: =ROUND(MAX(B6*E6*F6-D6,B6*'0_设计说明'!$B$26),0) -> 144 | H6: =ROUNDUP(IF(C6="普通怪",INDEX('3_敌人属性设计'!$C$4:$C$33,MIN(30,ROUNDUP(A6/2.5,0))),IF(C6="精英怪",INDEX('3_敌人属性设计'!$F$4:$F$33,MIN(30,ROUNDUP(A6/2.5,0))),INDEX('3_敌人属性设计'!$I$4:$I$33,MIN(30,ROUNDUP(A6/2.5,0)))))/G6,0) -> 4
A7: 10 | B7: =INDEX('1_角色属性成长'!$C$4:$C$83,A7) -> 149 | C7: 精英怪 | D7: =IF(C7="普通怪",INDEX('3_敌人属性设计'!$E$4:$E$33,MIN(30,ROUNDUP(A7/2.5,0))),IF(C7="精英怪",INDEX('3_敌人属性设计'!$H$4:$H$33,MIN(30,ROUNDUP(A7/2.5,0))),INDEX('3_敌人属性设计'!$K$4:$K$33,MIN(30,ROUNDUP(A7/2.5,0))))) -> 63 | E7: 1.2 | F7: 1 | G7: =ROUND(MAX(B7*E7*F7-D7,B7*'0_设计说明'!$B$26),0) -> 116 | H7: =ROUNDUP(IF(C7="普通怪",INDEX('3_敌人属性设计'!$C$4:$C$33,MIN(30,ROUNDUP(A7/2.5,0))),IF(C7="精英怪",INDEX('3_敌人属性设计'!$F$4:$F$33,MIN(30,ROUNDUP(A7/2.5,0))),INDEX('3_敌人属性设计'!$I$4:$I$33,MIN(30,ROUNDUP(A7/2.5,0)))))/G7,0) -> 12
A8: 10 | B8: =INDEX('1_角色属性成长'!$C$4:$C$83,A8) -> 149 | C8: Boss | D8: =IF(C8="普通怪",INDEX('3_敌人属性设计'!$E$4:$E$33,MIN(30,ROUNDUP(A8/2.5,0))),IF(C8="精英怪",INDEX('3_敌人属性设计'!$H$4:$H$33,MIN(30,ROUNDUP(A8/2.5,0))),INDEX('3_敌人属性设计'!$K$4:$K$33,MIN(30,ROUNDUP(A8/2.5,0))))) -> 84 | E8: 1.5 | F8: 1 | G8: =ROUND(MAX(B8*E8*F8-D8,B8*'0_设计说明'!$B$26),0) -> 140 | H8: =ROUNDUP(IF(C8="普通怪",INDEX('3_敌人属性设计'!$C$4:$C$33,MIN(30,ROUNDUP(A8/2.5,0))),IF(C8="精英怪",INDEX('3_敌人属性设计'!$F$4:$F$33,MIN(30,ROUNDUP(A8/2.5,0))),INDEX('3_敌人属性设计'!$I$4:$I$33,MIN(30,ROUNDUP(A8/2.5,0)))))/G8,0) -> 33
A9: 20 | B9: =INDEX('1_角色属性成长'!$C$4:$C$83,A9) -> 231 | C9: 普通怪 | D9: =IF(C9="普通怪",INDEX('3_敌人属性设计'!$E$4:$E$33,MIN(30,ROUNDUP(A9/2.5,0))),IF(C9="精英怪",INDEX('3_敌人属性设计'!$H$4:$H$33,MIN(30,ROUNDUP(A9/2.5,0))),INDEX('3_敌人属性设计'!$K$4:$K$33,MIN(30,ROUNDUP(A9/2.5,0))))) -> 52 | E9: 1.2 | F9: 1 | G9: =ROUND(MAX(B9*E9*F9-D9,B9*'0_设计说明'!$B$26),0) -> 225 | H9: =ROUNDUP(IF(C9="普通怪",INDEX('3_敌人属性设计'!$C$4:$C$33,MIN(30,ROUNDUP(A9/2.5,0))),IF(C9="精英怪",INDEX('3_敌人属性设计'!$F$4:$F$33,MIN(30,ROUNDUP(A9/2.5,0))),INDEX('3_敌人属性设计'!$I$4:$I$33,MIN(30,ROUNDUP(A9/2.5,0)))))/G9,0) -> 4
A10: 20 | B10: =INDEX('1_角色属性成长'!$C$4:$C$83,A10) -> 231 | C10: 精英怪 | D10: =IF(C10="普通怪",INDEX('3_敌人属性设计'!$E$4:$E$33,MIN(30,ROUNDUP(A10/2.5,0))),IF(C10="精英怪",INDEX('3_敌人属性设计'!$H$4:$H$33,MIN(30,ROUNDUP(A10/2.5,0))),INDEX('3_敌人属性设计'!$K$4:$K$33,MIN(30,ROUNDUP(A10/2.5,0))))) -> 94 | E10: 1.2 | F10: 1 | G10: =ROUND(MAX(B10*E10*F10-D10,B10*'0_设计说明'!$B$26),0) -> 183 | H10: =ROUNDUP(IF(C10="普通怪",INDEX('3_敌人属性设计'!$C$4:$C$33,MIN(30,ROUNDUP(A10/2.5,0))),IF(C10="精英怪",INDEX('3_敌人属性设计'!$F$4:$F$33,MIN(30,ROUNDUP(A10/2.5,0))),INDEX('3_敌人属性设计'!$I$4:$I$33,MIN(30,ROUNDUP(A10/2.5,0)))))/G10,0) -> 14
A11: 20 | B11: =INDEX('1_角色属性成长'!$C$4:$C$83,A11) -> 231 | C11: Boss | D11: =IF(C11="普通怪",INDEX('3_敌人属性设计'!$E$4:$E$33,MIN(30,ROUNDUP(A11/2.5,0))),IF(C11="精英怪",INDEX('3_敌人属性设计'!$H$4:$H$33,MIN(30,ROUNDUP(A11/2.5,0))),INDEX('3_敌人属性设计'!$K$4:$K$33,MIN(30,ROUNDUP(A11/2.5,0))))) -> 125 | E11: 1.5 | F11: 1 | G11: =ROUND(MAX(B11*E11*F11-D11,B11*'0_设计说明'!$B$26),0) -> 222 | H11: =ROUNDUP(IF(C11="普通怪",INDEX('3_敌人属性设计'!$C$4:$C$33,MIN(30,ROUNDUP(A11/2.5,0))),IF(C11="精英怪",INDEX('3_敌人属性设计'!$F$4:$F$33,MIN(30,ROUNDUP(A11/2.5,0))),INDEX('3_敌人属性设计'!$I$4:$I$33,MIN(30,ROUNDUP(A11/2.5,0)))))/G11,0) -> 38
A12: 30 | B12: =INDEX('1_角色属性成长'!$C$4:$C$83,A12) -> 358 | C12: 普通怪 | D12: =IF(C12="普通怪",INDEX('3_敌人属性设计'!$E$4:$E$33,MIN(30,ROUNDUP(A12/2.5,0))),IF(C12="精英怪",INDEX('3_敌人属性设计'!$H$4:$H$33,MIN(30,ROUNDUP(A12/2.5,0))),INDEX('3_敌人属性设计'!$K$4:$K$33,MIN(30,ROUNDUP(A12/2.5,0))))) -> 77 | E12: 1.2 | F12: 1 | G12: =ROUND(MAX(B12*E12*F12-D12,B12*'0_设计说明'!$B$26),0) -> 353 | H12: =ROUNDUP(IF(C12="普通怪",INDEX('3_敌人属性设计'!$C$4:$C$33,MIN(30,ROUNDUP(A12/2.5,0))),IF(C12="精英怪",INDEX('3_敌人属性设计'!$F$4:$F$33,MIN(30,ROUNDUP(A12/2.5,0))),INDEX('3_敌人属性设计'!$I$4:$I$33,MIN(30,ROUNDUP(A12/2.5,0)))))/G12,0) -> 5
A13: 30 | B13: =INDEX('1_角色属性成长'!$C$4:$C$83,A13) -> 358 | C13: 精英怪 | D13: =IF(C13="普通怪",INDEX('3_敌人属性设计'!$E$4:$E$33,MIN(30,ROUNDUP(A13/2.5,0))),IF(C13="精英怪",INDEX('3_敌人属性设计'!$H$4:$H$33,MIN(30,ROUNDUP(A13/2.5,0))),INDEX('3_敌人属性设计'!$K$4:$K$33,MIN(30,ROUNDUP(A13/2.5,0))))) -> 139 | E13: 1.2 | F13: 1 | G13: =ROUND(MAX(B13*E13*F13-D13,B13*'0_设计说明'!$B$26),0) -> 291 | H13: =ROUNDUP(IF(C13="普通怪",INDEX('3_敌人属性设计'!$C$4:$C$33,MIN(30,ROUNDUP(A13/2.5,0))),IF(C13="精英怪",INDEX('3_敌人属性设计'!$F$4:$F$33,MIN(30,ROUNDUP(A13/2.5,0))),INDEX('3_敌人属性设计'!$I$4:$I$33,MIN(30,ROUNDUP(A13/2.5,0)))))/G13,0) -> 16
A14: 30 | B14: =INDEX('1_角色属性成长'!$C$4:$C$83,A14) -> 358 | C14: Boss | D14: =IF(C14="普通怪",INDEX('3_敌人属性设计'!$E$4:$E$33,MIN(30,ROUNDUP(A14/2.5,0))),IF(C14="精英怪",INDEX('3_敌人属性设计'!$H$4:$H$33,MIN(30,ROUNDUP(A14/2.5,0))),INDEX('3_敌人属性设计'!$K$4:$K$33,MIN(30,ROUNDUP(A14/2.5,0))))) -> 185 | E14: 1.5 | F14: 1 | G14: =ROUND(MAX(B14*E14*F14-D14,B14*'0_设计说明'!$B$26),0) -> 352 | H14: =ROUNDUP(IF(C14="普通怪",INDEX('3_敌人属性设计'!$C$4:$C$33,MIN(30,ROUNDUP(A14/2.5,0))),IF(C14="精英怪",INDEX('3_敌人属性设计'!$F$4:$F$33,MIN(30,ROUNDUP(A14/2.5,0))),INDEX('3_敌人属性设计'!$I$4:$I$33,MIN(30,ROUNDUP(A14/2.5,0)))))/G14,0) -> 43
A15: 40 | B15: =INDEX('1_角色属性成长'!$C$4:$C$83,A15) -> 557 | C15: 普通怪 | D15: =IF(C15="普通怪",INDEX('3_敌人属性设计'!$E$4:$E$33,MIN(30,ROUNDUP(A15/2.5,0))),IF(C15="精英怪",INDEX('3_敌人属性设计'!$H$4:$H$33,MIN(30,ROUNDUP(A15/2.5,0))),INDEX('3_敌人属性设计'!$K$4:$K$33,MIN(30,ROUNDUP(A15/2.5,0))))) -> 114 | E15: 1.2 | F15: 1 | G15: =ROUND(MAX(B15*E15*F15-D15,B15*'0_设计说明'!$B$26),0) -> 554 | H15: =ROUNDUP(IF(C15="普通怪",INDEX('3_敌人属性设计'!$C$4:$C$33,MIN(30,ROUNDUP(A15/2.5,0))),IF(C15="精英怪",INDEX('3_敌人属性设计'!$F$4:$F$33,MIN(30,ROUNDUP(A15/2.5,0))),INDEX('3_敌人属性设计'!$I$4:$I$33,MIN(30,ROUNDUP(A15/2.5,0)))))/G15,0) -> 6
A16: 40 | B16: =INDEX('1_角色属性成长'!$C$4:$C$83,A16) -> 557 | C16: 精英怪 | D16: =IF(C16="普通怪",INDEX('3_敌人属性设计'!$E$4:$E$33,MIN(30,ROUNDUP(A16/2.5,0))),IF(C16="精英怪",INDEX('3_敌人属性设计'!$H$4:$H$33,MIN(30,ROUNDUP(A16/2.5,0))),INDEX('3_敌人属性设计'!$K$4:$K$33,MIN(30,ROUNDUP(A16/2.5,0))))) -> 205 | E16: 1.2 | F16: 1 | G16: =ROUND(MAX(B16*E16*F16-D16,B16*'0_设计说明'!$B$26),0) -> 463 | H16: =ROUNDUP(IF(C16="普通怪",INDEX('3_敌人属性设计'!$C$4:$C$33,MIN(30,ROUNDUP(A16/2.5,0))),IF(C16="精英怪",INDEX('3_敌人属性设计'!$F$4:$F$33,MIN(30,ROUNDUP(A16/2.5,0))),INDEX('3_敌人属性设计'!$I$4:$I$33,MIN(30,ROUNDUP(A16/2.5,0)))))/G16,0) -> 17
A17: 40 | B17: =INDEX('1_角色属性成长'!$C$4:$C$83,A17) -> 557 | C17: Boss | D17: =IF(C17="普通怪",INDEX('3_敌人属性设计'!$E$4:$E$33,MIN(30,ROUNDUP(A17/2.5,0))),IF(C17="精英怪",INDEX('3_敌人属性设计'!$H$4:$H$33,MIN(30,ROUNDUP(A17/2.5,0))),INDEX('3_敌人属性设计'!$K$4:$K$33,MIN(30,ROUNDUP(A17/2.5,0))))) -> 274 | E17: 1.5 | F17: 1 | G17: =ROUND(MAX(B17*E17*F17-D17,B17*'0_设计说明'!$B$26),0) -> 562 | H17: =ROUNDUP(IF(C17="普通怪",INDEX('3_敌人属性设计'!$C$4:$C$33,MIN(30,ROUNDUP(A17/2.5,0))),IF(C17="精英怪",INDEX('3_敌人属性设计'!$F$4:$F$33,MIN(30,ROUNDUP(A17/2.5,0))),INDEX('3_敌人属性设计'!$I$4:$I$33,MIN(30,ROUNDUP(A17/2.5,0)))))/G17,0) -> 48
... A29: 80 | B29: =INDEX('1_角色属性成长'!$C$4:$C$83,A29) -> 3237 | C29: Boss | D29: =IF(C29="普通怪",INDEX('3_敌人属性设计'!$E$4:$E$33,MIN(30,ROUNDUP(A29/2.5,0))),IF(C29="精英怪",INDEX('3_敌人属性设计'!$H$4:$H$33,MIN(30,ROUNDUP(A29/2.5,0))),INDEX('3_敌人属性设计'!$K$4:$K$33,MIN(30,ROUNDUP(A29/2.5,0))))) -> 1082 | E29: 1.5 | F29: 1 | G29: =ROUND(MAX(B29*E29*F29-D29,B29*'0_设计说明'!$B$26),0) -> 3774 | H29: =ROUNDUP(IF(C29="普通怪",INDEX('3_敌人属性设计'!$C$4:$C$33,MIN(30,ROUNDUP(A29/2.5,0))),IF(C29="精英怪",INDEX('3_敌人属性设计'!$F$4:$F$33,MIN(30,ROUNDUP(A29/2.5,0))),INDEX('3_敌人属性设计'!$I$4:$I$33,MIN(30,ROUNDUP(A29/2.5,0)))))/G29,0) -> 54

Sheet 5_关卡难度配置
A1: 关卡难度配置表
A3: 关卡 | B3: 推荐等级 | C3: 普通怪数量 | D3: 精英怪数量 | E3: Boss数量 | F3: 敌方总HP | G3: 玩家战力 | H3: 难度指数 | I3: 评级 | J3: 金币奖励 | K3: 材料掉落
A4: S-01 | B4: ='3_敌人属性设计'!B4 -> 3 | C4: =6+ROUNDUP(1/3,0) -> 7 | D4: =IF(MOD(1,4)=0,2,1) -> 1 | E4: =IF(MOD(1,5)=0,1,0) -> 0 | F4: =C4*'3_敌人属性设计'!C4+D4*'3_敌人属性设计'!F4+E4*'3_敌人属性设计'!I4 -> 3097 | G4: =INDEX('1_角色属性成长'!$E$4:$E$83,B4) -> 965 | H4: =ROUND(F4/(G4*2.8),2) -> 1.15 | I4: =IF(H4<0.8,"偏易",IF(H4<1.1,"适中",IF(H4<1.4,"偏难","高压"))) -> 偏难 | J4: =ROUND(120+1*35+IF(E4=1,200,0),0) -> 155 | K4: =IF(1<=10,"低级材料",IF(1<=20,"中级材料","高级材料")) -> 低级材料
A5: S-02 | B5: ='3_敌人属性设计'!B5 -> 5 | C5: =6+ROUNDUP(2/3,0) -> 7 | D5: =IF(MOD(2,4)=0,2,1) -> 1 | E5: =IF(MOD(2,5)=0,1,0) -> 0 | F5: =C5*'3_敌人属性设计'!C5+D5*'3_敌人属性设计'!F5+E5*'3_敌人属性设计'!I5 -> 3499 | G5: =INDEX('1_角色属性成长'!$E$4:$E$83,B5) -> 1055 | H5: =ROUND(F5/(G5*2.8),2) -> 1.18 | I5: =IF(H5<0.8,"偏易",IF(H5<1.1,"适中",IF(H5<1.4,"偏难","高压"))) -> 偏难 | J5: =ROUND(120+2*35+IF(E5=1,200,0),0) -> 190 | K5: =IF(2<=10,"低级材料",IF(2<=20,"中级材料","高级材料")) -> 低级材料
A6: S-03 | B6: ='3_敌人属性设计'!B6 -> 8 | C6: =6+ROUNDUP(3/3,0) -> 7 | D6: =IF(MOD(3,4)=0,2,1) -> 1 | E6: =IF(MOD(3,5)=0,1,0) -> 0 | F6: =C6*'3_敌人属性设计'!C6+D6*'3_敌人属性设计'!F6+E6*'3_敌人属性设计'!I6 -> 4175 | G6: =INDEX('1_角色属性成长'!$E$4:$E$83,B6) -> 1207 | H6: =ROUND(F6/(G6*2.8),2) -> 1.24 | I6: =IF(H6<0.8,"偏易",IF(H6<1.1,"适中",IF(H6<1.4,"偏难","高压"))) -> 偏难 | J6: =ROUND(120+3*35+IF(E6=1,200,0),0) -> 225 | K6: =IF(3<=10,"低级材料",IF(3<=20,"中级材料","高级材料")) -> 低级材料
A7: S-04 | B7: ='3_敌人属性设计'!B7 -> 10 | C7: =6+ROUNDUP(4/3,0) -> 8 | D7: =IF(MOD(4,4)=0,2,1) -> 2 | E7: =IF(MOD(4,5)=0,1,0) -> 0 | F7: =C7*'3_敌人属性设计'!C7+D7*'3_敌人属性设计'!F7+E7*'3_敌人属性设计'!I7 -> 6542 | G7: =INDEX('1_角色属性成长'!$E$4:$E$83,B7) -> 1322 | H7: =ROUND(F7/(G7*2.8),2) -> 1.77 | I7: =IF(H7<0.8,"偏易",IF(H7<1.1,"适中",IF(H7<1.4,"偏难","高压"))) -> 高压 | J7: =ROUND(120+4*35+IF(E7=1,200,0),0) -> 260 | K7: =IF(4<=10,"低级材料",IF(4<=20,"中级材料","高级材料")) -> 低级材料
A8: S-05 | B8: ='3_敌人属性设计'!B8 -> 13 | C8: =6+ROUNDUP(5/3,0) -> 8 | D8: =IF(MOD(5,4)=0,2,1) -> 1 | E8: =IF(MOD(5,5)=0,1,0) -> 1 | F8: =C8*'3_敌人属性设计'!C8+D8*'3_敌人属性设计'!F8+E8*'3_敌人属性设计'!I8 -> 11612 | G8: =INDEX('1_角色属性成长'!$E$4:$E$83,B8) -> 1512 | H8: =ROUND(F8/(G8*2.8),2) -> 2.74 | I8: =IF(H8<0.8,"偏易",IF(H8<1.1,"适中",IF(H8<1.4,"偏难","高压"))) -> 高压 | J8: =ROUND(120+5*35+IF(E8=1,200,0),0) -> 495 | K8: =IF(5<=10,"低级材料",IF(5<=20,"中级材料","高级材料")) -> 低级材料
A9: S-06 | B9: ='3_敌人属性设计'!B9 -> 15 | C9: =6+ROUNDUP(6/3,0) -> 8 | D9: =IF(MOD(6,4)=0,2,1) -> 1 | E9: =IF(MOD(6,5)=0,1,0) -> 0 | F9: =C9*'3_敌人属性设计'!C9+D9*'3_敌人属性设计'!F9+E9*'3_敌人属性设计'!I9 -> 6977 | G9: =INDEX('1_角色属性成长'!$E$4:$E$83,B9) -> 1649 | H9: =ROUND(F9/(G9*2.8),2) -> 1.51 | I9: =IF(H9<0.8,"偏易",IF(H9<1.1,"适中",IF(H9<1.4,"偏难","高压"))) -> 高压 | J9: =ROUND(120+6*35+IF(E9=1,200,0),0) -> 330 | K9: =IF(6<=10,"低级材料",IF(6<=20,"中级材料","高级材料")) -> 低级材料
A10: S-07 | B10: ='3_敌人属性设计'!B10 -> 18 | C10: =6+ROUNDUP(7/3,0) -> 9 | D10: =IF(MOD(7,4)=0,2,1) -> 1 | E10: =IF(MOD(7,5)=0,1,0) -> 0 | F10: =C10*'3_敌人属性设计'!C10+D10*'3_敌人属性设计'!F10+E10*'3_敌人属性设计'!I10 -> 9074 | G10: =INDEX('1_角色属性成长'!$E$4:$E$83,B10) -> 1885 | H10: =ROUND(F10/(G10*2.8),2) -> 1.72 | I10: =IF(H10<0.8,"偏易",IF(H10<1.1,"适中",IF(H10<1.4,"偏难","高压"))) -> 高压 | J10: =ROUND(120+7*35+IF(E10=1,200,0),0) -> 365 | K10: =IF(7<=10,"低级材料",IF(7<=20,"中级材料","高级材料")) -> 低级材料
A11: S-08 | B11: ='3_敌人属性设计'!B11 -> 20 | C11: =6+ROUNDUP(8/3,0) -> 9 | D11: =IF(MOD(8,4)=0,2,1) -> 2 | E11: =IF(MOD(8,5)=0,1,0) -> 0 | F11: =C11*'3_敌人属性设计'!C11+D11*'3_敌人属性设计'!F11+E11*'3_敌人属性设计'!I11 -> 12659 | G11: =INDEX('1_角色属性成长'!$E$4:$E$83,B11) -> 2066 | H11: =ROUND(F11/(G11*2.8),2) -> 2.19 | I11: =IF(H11<0.8,"偏易",IF(H11<1.1,"适中",IF(H11<1.4,"偏难","高压"))) -> 高压 | J11: =ROUND(120+8*35+IF(E11=1,200,0),0) -> 400 | K11: =IF(8<=10,"低级材料",IF(8<=20,"中级材料","高级材料")) -> 低级材料
A12: S-09 | B12: ='3_敌人属性设计'!B12 -> 23 | C12: =6+ROUNDUP(9/3,0) -> 9 | D12: =IF(MOD(9,4)=0,2,1) -> 1 | E12: =IF(MOD(9,5)=0,1,0) -> 0 | F12: =C12*'3_敌人属性设计'!C12+D12*'3_敌人属性设计'!F12+E12*'3_敌人属性设计'!I12 -> 12178 | G12: =INDEX('1_角色属性成长'!$E$4:$E$83,B12) -> 2358 | H12: =ROUND(F12/(G12*2.8),2) -> 1.84 | I12: =IF(H12<0.8,"偏易",IF(H12<1.1,"适中",IF(H12<1.4,"偏难","高压"))) -> 高压 | J12: =ROUND(120+9*35+IF(E12=1,200,0),0) -> 435 | K12: =IF(9<=10,"低级材料",IF(9<=20,"中级材料","高级材料")) -> 低级材料
A13: S-10 | B13: ='3_敌人属性设计'!B13 -> 25 | C13: =6+ROUNDUP(10/3,0) -> 10 | D13: =IF(MOD(10,4)=0,2,1) -> 1 | E13: =IF(MOD(10,5)=0,1,0) -> 1 | F13: =C13*'3_敌人属性设计'!C13+D13*'3_敌人属性设计'!F13+E13*'3_敌人属性设计'!I13 -> 25957 | G13: =INDEX('1_角色属性成长'!$E$4:$E$83,B13) -> 2585 | H13: =ROUND(F13/(G13*2.8),2) -> 3.59 | I13: =IF(H13<0.8,"偏易",IF(H13<1.1,"适中",IF(H13<1.4,"偏难","高压"))) -> 高压 | J13: =ROUND(120+10*35+IF(E13=1,200,0),0) -> 670 | K13: =IF(10<=10,"低级材料",IF(10<=20,"中级材料","高级材料")) -> 低级材料
A14: S-11 | B14: ='3_敌人属性设计'!B14 -> 28 | C14: =6+ROUNDUP(11/3,0) -> 10 | D14: =IF(MOD(11,4)=0,2,1) -> 1 | E14: =IF(MOD(11,5)=0,1,0) -> 0 | F14: =C14*'3_敌人属性设计'!C14+D14*'3_敌人属性设计'!F14+E14*'3_敌人属性设计'!I14 -> 17715 | G14: =INDEX('1_角色属性成长'!$E$4:$E$83,B14) -> 2954 | H14: =ROUND(F14/(G14*2.8),2) -> 2.14 | I14: =IF(H14<0.8,"偏易",IF(H14<1.1,"适中",IF(H14<1.4,"偏难","高压"))) -> 高压 | J14: =ROUND(120+11*35+IF(E14=1,200,0),0) -> 505 | K14: =IF(11<=10,"低级材料",IF(11<=20,"中级材料","高级材料")) -> 中级材料
A15: S-12 | B15: ='3_敌人属性设计'!B15 -> 30 | C15: =6+ROUNDUP(12/3,0) -> 10 | D15: =IF(MOD(12,4)=0,2,1) -> 2 | E15: =IF(MOD(12,5)=0,1,0) -> 0 | F15: =C15*'3_敌人属性设计'!C15+D15*'3_敌人属性设计'!F15+E15*'3_敌人属性设计'!I15 -> 24352 | G15: =INDEX('1_角色属性成长'!$E$4:$E$83,B15) -> 3231 | H15: =ROUND(F15/(G15*2.8),2) -> 2.69 | I15: =IF(H15<0.8,"偏易",IF(H15<1.1,"适中",IF(H15<1.4,"偏难","高压"))) -> 高压 | J15: =ROUND(120+12*35+IF(E15=1,200,0),0) -> 540 | K15: =IF(12<=10,"低级材料",IF(12<=20,"中级材料","高级材料")) -> 中级材料
A16: S-13 | B16: ='3_敌人属性设计'!B16 -> 33 | C16: =6+ROUNDUP(13/3,0) -> 11 | D16: =IF(MOD(13,4)=0,2,1) -> 1 | E16: =IF(MOD(13,5)=0,1,0) -> 0 | F16: =C16*'3_敌人属性设计'!C16+D16*'3_敌人属性设计'!F16+E16*'3_敌人属性设计'!I16 -> 25613 | G16: =INDEX('1_角色属性成长'!$E$4:$E$83,B16) -> 3699 | H16: =ROUND(F16/(G16*2.8),2) -> 2.47 | I16: =IF(H16<0.8,"偏易",IF(H16<1.1,"适中",IF(H16<1.4,"偏难","高压"))) -> 高压 | J16: =ROUND(120+13*35+IF(E16=1,200,0),0) -> 575 | K16: =IF(13<=10,"低级材料",IF(13<=20,"中级材料","高级材料")) -> 中级材料
A17: S-14 | B17: ='3_敌人属性设计'!B17 -> 35 | C17: =6+ROUNDUP(14/3,0) -> 11 | D17: =IF(MOD(14,4)=0,2,1) -> 1 | E17: =IF(MOD(14,5)=0,1,0) -> 0 | F17: =C17*'3_敌人属性设计'!C17+D17*'3_敌人属性设计'!F17+E17*'3_敌人属性设计'!I17 -> 28870 | G17: =INDEX('1_角色属性成长'!$E$4:$E$83,B17) -> 4050 | H17: =ROUND(F17/(G17*2.8),2) -> 2.55 | I17: =IF(H17<0.8,"偏易",IF(H17<1.1,"适中",IF(H17<1.4,"偏难","高压"))) -> 高压 | J17: =ROUND(120+14*35+IF(E17=1,200,0),0) -> 610 | K17: =IF(14<=10,"低级材料",IF(14<=20,"中级材料","高级材料")) -> 中级材料
A18: S-15 | B18: ='3_敌人属性设计'!B18 -> 38 | C18: =6+ROUNDUP(15/3,0) -> 11 | D18: =IF(MOD(15,4)=0,2,1) -> 1 | E18: =IF(MOD(15,5)=0,1,0) -> 1 | F18: =C18*'3_敌人属性设计'!C18+D18*'3_敌人属性设计'!F18+E18*'3_敌人属性设计'!I18 -> 57948 | G18: =INDEX('1_角色属性成长'!$E$4:$E$83,B18) -> 4635 | H18: =ROUND(F18/(G18*2.8),2) -> 4.47 | I18: =IF(H18<0.8,"偏易",IF(H18<1.1,"适中",IF(H18<1.4,"偏难","高压"))) -> 高压 | J18: =ROUND(120+15*35+IF(E18=1,200,0),0) -> 845 | K18: =IF(15<=10,"低级材料",IF(15<=20,"中级材料","高级材料")) -> 中级材料
A19: S-16 | B19: ='3_敌人属性设计'!B19 -> 40 | C19: =6+ROUNDUP(16/3,0) -> 12 | D19: =IF(MOD(16,4)=0,2,1) -> 2 | E19: =IF(MOD(16,5)=0,1,0) -> 0 | F19: =C19*'3_敌人属性设计'!C19+D19*'3_敌人属性设计'!F19+E19*'3_敌人属性设计'!I19 -> 49316 | G19: =INDEX('1_角色属性成长'!$E$4:$E$83,B19) -> 5072 | H19: =ROUND(F19/(G19*2.8),2) -> 3.47 | I19: =IF(H19<0.8,"偏易",IF(H19<1.1,"适中",IF(H19<1.4,"偏难","高压"))) -> 高压 | J19: =ROUND(120+16*35+IF(E19=1,200,0),0) -> 680 | K19: =IF(16<=10,"低级材料",IF(16<=20,"中级材料","高级材料")) -> 中级材料
A20: S-17 | B20: ='3_敌人属性设计'!B20 -> 43 | C20: =6+ROUNDUP(17/3,0) -> 12 | D20: =IF(MOD(17,4)=0,2,1) -> 1 | E20: =IF(MOD(17,5)=0,1,0) -> 0 | F20: =C20*'3_敌人属性设计'!C20+D20*'3_敌人属性设计'!F20+E20*'3_敌人属性设计'!I20 -> 49284 | G20: =INDEX('1_角色属性成长'!$E$4:$E$83,B20) -> 5805 | H20: =ROUND(F20/(G20*2.8),2) -> 3.03 | I20: =IF(H20<0.8,"偏易",IF(H20<1.1,"适中",IF(H20<1.4,"偏难","高压"))) -> 高压 | J20: =ROUND(120+17*35+IF(E20=1,200,0),0) -> 715 | K20: =IF(17<=10,"低级材料",IF(17<=20,"中级材料","高级材料")) -> 中级材料
A21: S-18 | B21: ='3_敌人属性设计'!B21 -> 45 | C21: =6+ROUNDUP(18/3,0) -> 12 | D21: =IF(MOD(18,4)=0,2,1) -> 1 | E21: =IF(MOD(18,5)=0,1,0) -> 0 | F21: =C21*'3_敌人属性设计'!C21+D21*'3_敌人属性设计'!F21+E21*'3_敌人属性设计'!I21 -> 55500 | G21: =INDEX('1_角色属性成长'!$E$4:$E$83,B21) -> 6357 | H21: =ROUND(F21/(G21*2.8),2) -> 3.12 | I21: =IF(H21<0.8,"偏易",IF(H21<1.1,"适中",IF(H21<1.4,"偏难","高压"))) -> 高压 | J21: =ROUND(120+18*35+IF(E21=1,200,0),0) -> 750 | K21: =IF(18<=10,"低级材料",IF(18<=20,"中级材料","高级材料")) -> 中级材料
A22: S-19 | B22: ='3_敌人属性设计'!B22 -> 48 | C22: =6+ROUNDUP(19/3,0) -> 13 | D22: =IF(MOD(19,4)=0,2,1) -> 1 | E22: =IF(MOD(19,5)=0,1,0) -> 0 | F22: =C22*'3_敌人属性设计'!C22+D22*'3_敌人属性设计'!F22+E22*'3_敌人属性设计'!I22 -> 70405 | G22: =INDEX('1_角色属性成长'!$E$4:$E$83,B22) -> 7279 | H22: =ROUND(F22/(G22*2.8),2) -> 3.45 | I22: =IF(H22<0.8,"偏易",IF(H22<1.1,"适中",IF(H22<1.4,"偏难","高压"))) -> 高压 | J22: =ROUND(120+19*35+IF(E22=1,200,0),0) -> 785 | K22: =IF(19<=10,"低级材料",IF(19<=20,"中级材料","高级材料")) -> 中级材料
A23: S-20 | B23: ='3_敌人属性设计'!B23 -> 50 | C23: =6+ROUNDUP(20/3,0) -> 13 | D23: =IF(MOD(20,4)=0,2,1) -> 2 | E23: =IF(MOD(20,5)=0,1,0) -> 1 | F23: =C23*'3_敌人属性设计'!C23+D23*'3_敌人属性设计'!F23+E23*'3_敌人属性设计'!I23 -> 140979 | G23: =INDEX('1_角色属性成长'!$E$4:$E$83,B23) -> 7966 | H23: =ROUND(F23/(G23*2.8),2) -> 6.32 | I23: =IF(H23<0.8,"偏易",IF(H23<1.1,"适中",IF(H23<1.4,"偏难","高压"))) -> 高压 | J23: =ROUND(120+20*35+IF(E23=1,200,0),0) -> 1020 | K23: =IF(20<=10,"低级材料",IF(20<=20,"中级材料","高级材料")) -> 中级材料
A24: S-21 | B24: ='3_敌人属性设计'!B24 -> 53 | C24: =6+ROUNDUP(21/3,0) -> 13 | D24: =IF(MOD(21,4)=0,2,1) -> 1 | E24: =IF(MOD(21,5)=0,1,0) -> 0 | F24: =C24*'3_敌人属性设计'!C24+D24*'3_敌人属性设计'!F24+E24*'3_敌人属性设计'!I24 -> 94168 | G24: =INDEX('1_角色属性成长'!$E$4:$E$83,B24) -> 9127 | H24: =ROUND(F24/(G24*2.8),2) -> 3.68 | I24: =IF(H24<0.8,"偏易",IF(H24<1.1,"适中",IF(H24<1.4,"偏难","高压"))) -> 高压 | J24: =ROUND(120+21*35+IF(E24=1,200,0),0) -> 855 | K24: =IF(21<=10,"低级材料",IF(21<=20,"中级材料","高级材料")) -> 高级材料
A25: S-22 | B25: ='3_敌人属性设计'!B25 -> 55 | C25: =6+ROUNDUP(22/3,0) -> 14 | D25: =IF(MOD(22,4)=0,2,1) -> 1 | E25: =IF(MOD(22,5)=0,1,0) -> 0 | F25: =C25*'3_敌人属性设计'!C25+D25*'3_敌人属性设计'!F25+E25*'3_敌人属性设计'!I25 -> 112711 | G25: =INDEX('1_角色属性成长'!$E$4:$E$83,B25) -> 9995 | H25: =ROUND(F25/(G25*2.8),2) -> 4.03 | I25: =IF(H25<0.8,"偏易",IF(H25<1.1,"适中",IF(H25<1.4,"偏难","高压"))) -> 高压 | J25: =ROUND(120+22*35+IF(E25=1,200,0),0) -> 890 | K25: =IF(22<=10,"低级材料",IF(22<=20,"中级材料","高级材料")) -> 高级材料
A26: S-23 | B26: ='3_敌人属性设计'!B26 -> 58 | C26: =6+ROUNDUP(23/3,0) -> 14 | D26: =IF(MOD(23,4)=0,2,1) -> 1 | E26: =IF(MOD(23,5)=0,1,0) -> 0 | F26: =C26*'3_敌人属性设计'!C26+D26*'3_敌人属性设计'!F26+E26*'3_敌人属性设计'!I26 -> 133846 | G26: =INDEX('1_角色属性成长'!$E$4:$E$83,B26) -> 11454 | H26: =ROUND(F26/(G26*2.8),2) -> 4.17 | I26: =IF(H26<0.8,"偏易",IF(H26<1.1,"适中",IF(H26<1.4,"偏难","高压"))) -> 高压 | J26: =ROUND(120+23*35+IF(E26=1,200,0),0) -> 925 | K26: =IF(23<=10,"低级材料",IF(23<=20,"中级材料","高级材料")) -> 高级材料
A27: S-24 | B27: ='3_敌人属性设计'!B27 -> 60 | C27: =6+ROUNDUP(24/3,0) -> 14 | D27: =IF(MOD(24,4)=0,2,1) -> 2 | E27: =IF(MOD(24,5)=0,1,0) -> 0 | F27: =C27*'3_敌人属性设计'!C27+D27*'3_敌人属性设计'!F27+E27*'3_敌人属性设计'!I27 -> 175734 | G27: =INDEX('1_角色属性成长'!$E$4:$E$83,B27) -> 12545 | H27: =ROUND(F27/(G27*2.8),2) -> 5 | I27: =IF(H27<0.8,"偏易",IF(H27<1.1,"适中",IF(H27<1.4,"偏难","高压"))) -> 高压 | J27: =ROUND(120+24*35+IF(E27=1,200,0),0) -> 960 | K27: =IF(24<=10,"低级材料",IF(24<=20,"中级材料","高级材料")) -> 高级材料
A28: S-25 | B28: ='3_敌人属性设计'!B28 -> 63 | C28: =6+ROUNDUP(25/3,0) -> 15 | D28: =IF(MOD(25,4)=0,2,1) -> 1 | E28: =IF(MOD(25,5)=0,1,0) -> 1 | F28: =C28*'3_敌人属性设计'!C28+D28*'3_敌人属性设计'!F28+E28*'3_敌人属性设计'!I28 -> 290581 | G28: =INDEX('1_角色属性成长'!$E$4:$E$83,B28) -> 14388 | H28: =ROUND(F28/(G28*2.8),2) -> 7.21 | I28: =IF(H28<0.8,"偏易",IF(H28<1.1,"适中",IF(H28<1.4,"偏难","高压"))) -> 高压 | J28: =ROUND(120+25*35+IF(E28=1,200,0),0) -> 1195 | K28: =IF(25<=10,"低级材料",IF(25<=20,"中级材料","高级材料")) -> 高级材料
A29: S-26 | B29: ='3_敌人属性设计'!B29 -> 65 | C29: =6+ROUNDUP(26/3,0) -> 15 | D29: =IF(MOD(26,4)=0,2,1) -> 1 | E29: =IF(MOD(26,5)=0,1,0) -> 0 | F29: =C29*'3_敌人属性设计'!C29+D29*'3_敌人属性设计'!F29+E29*'3_敌人属性设计'!I29 -> 213173 | G29: =INDEX('1_角色属性成长'!$E$4:$E$83,B29) -> 15762 | H29: =ROUND(F29/(G29*2.8),2) -> 4.83 | I29: =IF(H29<0.8,"偏易",IF(H29<1.1,"适中",IF(H29<1.4,"偏难","高压"))) -> 高压 | J29: =ROUND(120+26*35+IF(E29=1,200,0),0) -> 1030 | K29: =IF(26<=10,"低级材料",IF(26<=20,"中级材料","高级材料")) -> 高级材料
A30: S-27 | B30: ='3_敌人属性设计'!B30 -> 68 | C30: =6+ROUNDUP(27/3,0) -> 15 | D30: =IF(MOD(27,4)=0,2,1) -> 1 | E30: =IF(MOD(27,5)=0,1,0) -> 0 | F30: =C30*'3_敌人属性设计'!C30+D30*'3_敌人属性设计'!F30+E30*'3_敌人属性设计'!I30 -> 253027 | G30: =INDEX('1_角色属性成长'!$E$4:$E$83,B30) -> 18073 | H30: =ROUND(F30/(G30*2.8),2) -> 5 | I30: =IF(H30<0.8,"偏易",IF(H30<1.1,"适中",IF(H30<1.4,"偏难","高压"))) -> 高压 | J30: =ROUND(120+27*35+IF(E30=1,200,0),0) -> 1065 | K30: =IF(27<=10,"低级材料",IF(27<=20,"中级材料","高级材料")) -> 高级材料
A31: S-28 | B31: ='3_敌人属性设计'!B31 -> 70 | C31: =6+ROUNDUP(28/3,0) -> 16 | D31: =IF(MOD(28,4)=0,2,1) -> 2 | E31: =IF(MOD(28,5)=0,1,0) -> 0 | F31: =C31*'3_敌人属性设计'!C31+D31*'3_敌人属性设计'!F31+E31*'3_敌人属性设计'!I31 -> 345406 | G31: =INDEX('1_角色属性成长'!$E$4:$E$83,B31) -> 19805 | H31: =ROUND(F31/(G31*2.8),2) -> 6.23 | I31: =IF(H31<0.8,"偏易",IF(H31<1.1,"适中",IF(H31<1.4,"偏难","高压"))) -> 高压 | J31: =ROUND(120+28*35+IF(E31=1,200,0),0) -> 1100 | K31: =IF(28<=10,"低级材料",IF(28<=20,"中级材料","高级材料")) -> 高级材料
A32: S-29 | B32: ='3_敌人属性设计'!B32 -> 73 | C32: =6+ROUNDUP(29/3,0) -> 16 | D32: =IF(MOD(29,4)=0,2,1) -> 1 | E32: =IF(MOD(29,5)=0,1,0) -> 0 | F32: =C32*'3_敌人属性设计'!C32+D32*'3_敌人属性设计'!F32+E32*'3_敌人属性设计'!I32 -> 356730 | G32: =INDEX('1_角色属性成长'!$E$4:$E$83,B32) -> 22719 | H32: =ROUND(F32/(G32*2.8),2) -> 5.61 | I32: =IF(H32<0.8,"偏易",IF(H32<1.1,"适中",IF(H32<1.4,"偏难","高压"))) -> 高压 | J32: =ROUND(120+29*35+IF(E32=1,200,0),0) -> 1135 | K32: =IF(29<=10,"低级材料",IF(29<=20,"中级材料","高级材料")) -> 高级材料
A33: S-30 | B33: ='3_敌人属性设计'!B33 -> 75 | C33: =6+ROUNDUP(30/3,0) -> 16 | D33: =IF(MOD(30,4)=0,2,1) -> 1 | E33: =IF(MOD(30,5)=0,1,0) -> 1 | F33: =C33*'3_敌人属性设计'!C33+D33*'3_敌人属性设计'!F33+E33*'3_敌人属性设计'!I33 -> 603951 | G33: =INDEX('1_角色属性成长'!$E$4:$E$83,B33) -> 24902 | H33: =ROUND(F33/(G33*2.8),2) -> 8.66 | I33: =IF(H33<0.8,"偏易",IF(H33<1.1,"适中",IF(H33<1.4,"偏难","高压"))) -> 高压 | J33: =ROUND(120+30*35+IF(E33=1,200,0),0) -> 1370 | K33: =IF(30<=10,"低级材料",IF(30<=20,"中级材料","高级材料")) -> 高级材料

Sheet 6_资源产出消耗
A1: 资源产出与消耗表
A3: 阶段 | B3: 等级范围 | C3: 目标 | D3: 经验消耗 | E3: 金币消耗 | F3: 低级材料需求 | G3: 中级材料需求 | H3: 高级材料需求 | I3: 推荐资源来源 | J3: 设计目的
A4: 前期 | B4: 1-20 | C4: 建立基础队伍 | D4: =SUM('1_角色属性成长'!F4:F23) -> 2841 | E4: =ROUND(D4*0.85,0) -> 2415 | F4: 18 | G4: 2 | H4: 0 | I4: 主线低级关卡 / 新手任务 | J4: 强化即时反馈，降低入门门槛
A5: 中期 | B5: 21-40 | C5: 形成主力阵容 | D5: =SUM('1_角色属性成长'!F24:F43) -> 10278 | E5: =ROUND(D5*0.95,0) -> 9764 | F5: 26 | G5: 12 | H5: 2 | I5: 材料本 / 活动商店 | J5: 开始形成资源规划压力
A6: 成型期 | B6: 41-60 | C6: 关键角色成型 | D6: =SUM('1_角色属性成长'!F44:F63) -> 36214 | E6: =ROUND(D6*1.1,0) -> 39835 | F6: 20 | G6: 26 | H6: 8 | I6: 活动商店 / 高收益关卡 | J6: 引导玩家参与活动并做取舍
A7: 后期 | B7: 61-80 | C7: 高难与深度培养 | D7: =SUM('1_角色属性成长'!F64:F83) -> 127594 | E7: =ROUND(D7*1.25,0) -> 159493 | F7: 10 | G7: 24 | H7: 18 | I7: 高难关卡 / 版本活动 | J7: 延长长期目标，控制毕业速度

Sheet 7_平衡性观察
A1: 平衡性观察与作品集说明
A3: 本页用于把表格结果转化为策划表达，说明这套数值表想展示什么能力，以及后续如何继续优化。
A5: 观察维度 | B5: 当前设计 | C5: 可优化方向
A6: 成长节奏 | B6: 1-20级升级成本低，角色属性增长明显，适合给玩家快速正反馈。 | C6: 可进一步加入新手礼包或首通奖励，强化早期体验。
A7: 资源压力 | B7: 21-60级经验和金币消耗显著上升，玩家开始需要选择优先培养对象。 | C7: 可通过活动商店或阶段任务缓解关键节点卡点。
A8: 关卡难度 | B8: 关卡难度指数围绕推荐等级设计，Boss关卡形成阶段性压力。 | C8: 可增加关卡机制变量，而不仅依赖血量和攻击。
A9: 敌人成长 | B9: 普通怪、精英怪、Boss使用不同倍率，形成层级差异。 | C9: 可针对不同敌人类型加入速度、抗性、技能等维度。
A10: 公式验证 | B10: 伤害公式用攻击、防御、倍率、保底伤害构成，可用于快速检查击杀次数。 | C10: 可加入暴击、元素克制、技能冷却和群攻收益。
A11: 作品集价值 | B11: 通过可调整参数和联动公式，展示基础数值策划、Excel建表和系统验证能力。 | C11: 后续可补充可视化图表和设计文档 PDF。
A14: 简历描述建议
A15: RPG 角色成长与关卡难度数值表｜个人数值设计作品
A16: - 使用 Excel 设计角色 1—80 级属性成长、经验消耗、敌人强度、关卡推荐等级和奖励投放表。
A17: - 构建基础伤害公式，模拟不同等级阶段玩家与普通怪、精英怪、Boss 的战斗压力。
A18: - 通过调整成长倍率、敌方血量、防御和资源消耗，观察数值膨胀、成长断层和资源卡点问题。
A19: - 输出数值表、公式说明和简要平衡性分析，用于展示基础数值策划能力。
